-- phpMyAdmin SQL Dump
-- version 4.7.4
-- https://www.phpmyadmin.net/
--
-- Host: 127.0.0.1:3306
-- Generation Time: Mar 31, 2018 at 05:21 PM
-- Server version: 5.7.19
-- PHP Version: 7.1.9

SET SQL_MODE = "NO_AUTO_VALUE_ON_ZERO";
SET AUTOCOMMIT = 0;
START TRANSACTION;
SET time_zone = "+00:00";


/*!40101 SET @OLD_CHARACTER_SET_CLIENT=@@CHARACTER_SET_CLIENT */;
/*!40101 SET @OLD_CHARACTER_SET_RESULTS=@@CHARACTER_SET_RESULTS */;
/*!40101 SET @OLD_COLLATION_CONNECTION=@@COLLATION_CONNECTION */;
/*!40101 SET NAMES utf8mb4 */;

--
-- Database: `blogapi`
--

-- --------------------------------------------------------

--
-- Table structure for table `comments`
--

DROP TABLE IF EXISTS `comments`;
CREATE TABLE IF NOT EXISTS `comments` (
  `id` int(10) UNSIGNED NOT NULL AUTO_INCREMENT,
  `post_id` int(10) UNSIGNED NOT NULL,
  `name` varchar(191) COLLATE utf8mb4_unicode_ci NOT NULL,
  `description` text COLLATE utf8mb4_unicode_ci NOT NULL,
  `created_at` timestamp NULL DEFAULT NULL,
  `updated_at` timestamp NULL DEFAULT NULL,
  PRIMARY KEY (`id`),
  KEY `comments_post_id_index` (`post_id`)
) ENGINE=MyISAM AUTO_INCREMENT=203 DEFAULT CHARSET=utf8mb4 COLLATE=utf8mb4_unicode_ci;

--
-- Dumping data for table `comments`
--

INSERT INTO `comments` (`id`, `post_id`, `name`, `description`, `created_at`, `updated_at`) VALUES
(1, 13, 'Alisha Stamm', 'Animi recusandae nihil eum molestiae voluptatum. Vitae consequatur ex eligendi aut error ut. Laboriosam officia voluptatem voluptate tempora veritatis aperiam eos. Iusto ut necessitatibus accusamus officia natus minus omnis dolorem.', '2018-03-30 19:07:16', '2018-03-30 19:07:16'),
(2, 19, 'Elinor West', 'Porro tempore quisquam eveniet sit. Totam accusantium nemo quia placeat nemo. Voluptatibus voluptate ab aspernatur. Explicabo officiis molestiae nulla.', '2018-03-30 19:07:16', '2018-03-30 19:07:16'),
(3, 7, 'Mr. Saige Kuhic DDS', 'Molestias beatae sed rerum voluptas distinctio. Qui quis corrupti voluptatum sit ducimus. Quasi et voluptas velit et. Laboriosam ratione fuga omnis. Repellat autem sit minima sed nemo quia ad.', '2018-03-30 19:07:16', '2018-03-30 19:07:16'),
(4, 14, 'Mossie Effertz', 'Possimus eveniet est libero ut sed. Incidunt magnam aliquam quia est consequatur et. Reiciendis error perferendis excepturi sequi.', '2018-03-30 19:07:16', '2018-03-30 19:07:16'),
(5, 7, 'Tyrese Crist', 'Non delectus tenetur quia voluptate omnis. Ea sit quos nobis natus. Magnam officia ex inventore iure voluptas sunt. Odio adipisci sunt consequuntur saepe quidem totam.', '2018-03-30 19:07:16', '2018-03-30 19:07:16'),
(6, 11, 'Braeden Wehner PhD', 'Consequatur quam exercitationem iste voluptatem. Saepe ut et ad sed omnis voluptatem. Officia omnis qui sequi ex molestiae.', '2018-03-30 19:07:16', '2018-03-30 19:07:16'),
(7, 19, 'Skyla Mayer', 'Incidunt ut sit nobis non magni dolorem deserunt voluptas. Ut neque quae vel quo. Dolorum quas sunt iure in sunt.', '2018-03-30 19:07:16', '2018-03-30 19:07:16'),
(8, 7, 'Ms. Gladys Collins', 'Eligendi architecto eveniet qui. At reiciendis voluptate nulla animi vel et tempora. Tenetur vel enim ullam magnam aliquid. Itaque et et iure quo incidunt debitis nesciunt.', '2018-03-30 19:07:16', '2018-03-30 19:07:16'),
(9, 7, 'Prof. Finn Marquardt', 'Ut et cum veniam. Officia deserunt omnis iusto quas. Eos et quisquam incidunt numquam. Aut qui amet maiores magnam sunt ut qui.', '2018-03-30 19:07:16', '2018-03-30 19:07:16'),
(10, 1, 'Ms. Dandre Mraz', 'Tempora autem repellat ratione exercitationem autem ut. Consectetur velit deserunt praesentium at culpa ut vel. Ipsum enim ratione tempore et quia. Eaque sequi earum unde nesciunt cumque.', '2018-03-30 19:07:16', '2018-03-30 19:07:16'),
(11, 14, 'Emmy Balistreri', 'Ut optio totam eveniet provident. Ipsam hic et deleniti nemo delectus excepturi ut. At est sit deserunt eum.', '2018-03-30 19:07:16', '2018-03-30 19:07:16'),
(12, 1, 'Merritt Morissette', 'Reprehenderit maiores expedita eaque libero non. Perspiciatis et vero dicta maiores magni eveniet cupiditate. Eum at ut fugit est. Quia laborum corrupti ut sunt adipisci.', '2018-03-30 19:07:16', '2018-03-30 19:07:16'),
(13, 1, 'Trisha Terry III', 'Libero modi architecto aut. Est distinctio aperiam molestias fugit ut quia consequuntur. Et quis repellat dicta voluptatem.', '2018-03-30 19:07:16', '2018-03-30 19:07:16'),
(14, 20, 'Marilyne Davis', 'Qui maiores illum blanditiis sed. Et consequuntur molestias distinctio velit non dolorem sunt. Ipsum ratione blanditiis molestias odit animi aut voluptas error.', '2018-03-30 19:07:16', '2018-03-30 19:07:16'),
(15, 4, 'Dr. Reed Prosacco', 'Quis cum odio ratione totam aut soluta. Velit officia placeat sequi. Asperiores quos in nihil voluptates consequatur inventore corporis. Quibusdam vel molestiae libero dolores aliquid quibusdam. Dolore non quis quidem accusamus fugiat.', '2018-03-30 19:07:16', '2018-03-30 19:07:16'),
(16, 13, 'Kassandra Romaguera', 'Vero aut et repudiandae et pariatur ipsam. Dolor laudantium voluptate quod nobis qui aspernatur. Nisi et qui tempore pariatur neque necessitatibus est. Illo harum sunt eos earum voluptas.', '2018-03-30 19:07:16', '2018-03-30 19:07:16'),
(17, 1, 'Diego Schmeler', 'Ut ipsam impedit ratione enim aspernatur perspiciatis. Numquam exercitationem aut eius qui at vitae deleniti. Ex inventore est autem aliquid eos.', '2018-03-30 19:07:16', '2018-03-30 19:07:16'),
(18, 15, 'Jaron Paucek', 'Ipsa sunt sint et excepturi minima suscipit. Sit tenetur harum eos in consequuntur sint suscipit. Delectus et sed incidunt cumque voluptates hic. Natus unde omnis consequatur esse.', '2018-03-30 19:07:16', '2018-03-30 19:07:16'),
(19, 9, 'Karlee Rohan III', 'Nihil distinctio voluptas autem quod et eum. Molestiae voluptas temporibus repellendus voluptas odit amet. Perspiciatis non quibusdam exercitationem labore.', '2018-03-30 19:07:16', '2018-03-30 19:07:16'),
(20, 8, 'Nathan Feest', 'Aut quis dicta quo. Animi rerum fugit id ut consequatur tempora aut. Voluptatum autem suscipit ut inventore sequi. Id labore doloribus enim mollitia consequuntur laborum amet. Culpa repudiandae sunt provident id.', '2018-03-30 19:07:16', '2018-03-30 19:07:16'),
(21, 1, 'Alia Hilpert', 'Veniam officiis at odio fugiat quae. Inventore aut libero repellat animi. Non dicta explicabo neque sit libero.', '2018-03-30 19:07:16', '2018-03-30 19:07:16'),
(22, 7, 'Lupe Hodkiewicz', 'Iste itaque doloribus quod sed. Eum voluptas qui dolorum tempora. Aut eos voluptate illo aspernatur ut fugit. Voluptates autem consectetur ut nemo quos.', '2018-03-30 19:07:16', '2018-03-30 19:07:16'),
(23, 7, 'Jakob DuBuque', 'Et consequatur quas exercitationem repellendus laborum ut consectetur nihil. Praesentium sequi similique recusandae pariatur modi ea nulla aut. Exercitationem consequatur quod totam est unde laborum.', '2018-03-30 19:07:16', '2018-03-30 19:07:16'),
(24, 4, 'Oren Windler', 'Perspiciatis rerum et fugit enim dolore illo corporis. Qui possimus et eos. Fuga ipsa sit et molestiae facere expedita. Quia alias corporis modi ipsam voluptatem eius eum doloribus.', '2018-03-30 19:07:16', '2018-03-30 19:07:16'),
(25, 12, 'Eulah Treutel', 'Fuga voluptatum et odio est. Architecto dignissimos sint iusto vel. Sint nihil voluptatem et voluptas aut earum. Fuga repudiandae dolor et nulla voluptatem et.', '2018-03-30 19:07:16', '2018-03-30 19:07:16'),
(26, 3, 'Erika Mosciski', 'Dolorum dicta impedit voluptas eum et et sapiente. Voluptatem inventore voluptatem blanditiis reprehenderit unde vitae. Cupiditate accusamus dolores voluptatum quo voluptate error et. Explicabo omnis est et enim harum exercitationem porro.', '2018-03-30 19:07:16', '2018-03-30 19:07:16'),
(27, 15, 'Mr. Lawrence Williamson Sr.', 'Et repellat ut natus quia suscipit sit nostrum. Ut commodi quaerat quis explicabo vero eos reiciendis ipsa. Saepe maiores reiciendis esse molestiae omnis enim deserunt. Nesciunt omnis minima ad nulla aut et.', '2018-03-30 19:07:16', '2018-03-30 19:07:16'),
(28, 8, 'Elwin Herman', 'Doloremque excepturi suscipit blanditiis quidem quas quasi nostrum. Quisquam nam perferendis aut minus ut. Reprehenderit qui et eum earum voluptatum.', '2018-03-30 19:07:16', '2018-03-30 19:07:16'),
(29, 14, 'Trystan Barrows', 'Ratione tempora voluptatem et voluptatum enim voluptatibus sit. Veniam labore non quod aliquam. Nostrum a rerum quia eum reiciendis omnis ratione. Sapiente dicta et totam sint numquam.', '2018-03-30 19:07:16', '2018-03-30 19:07:16'),
(30, 4, 'Ivy Hirthe', 'Harum quam aut aut. Eaque sed cum alias asperiores delectus cum. Quis qui laudantium quisquam possimus est. Aut quasi aliquid laborum tempore perspiciatis ut sed.', '2018-03-30 19:07:16', '2018-03-30 19:07:16'),
(31, 3, 'Miss Maudie Williamson', 'Sed quibusdam magni sit et ratione molestiae numquam. Fugit atque occaecati omnis omnis excepturi consequatur. Eius minus voluptas quas. Aut occaecati quia error velit nostrum aut.', '2018-03-30 19:07:16', '2018-03-30 19:07:16'),
(32, 6, 'Maurine Kautzer', 'Amet qui quaerat temporibus ea. Autem error porro necessitatibus aut aperiam facilis recusandae.', '2018-03-30 19:07:16', '2018-03-30 19:07:16'),
(33, 10, 'Elisabeth Harvey', 'Voluptate amet necessitatibus nobis voluptatem deleniti ullam. At eos occaecati magnam. Veritatis quis et tempore odit asperiores tempora. Voluptas dolor cumque tenetur non.', '2018-03-30 19:07:16', '2018-03-30 19:07:16'),
(34, 5, 'Prof. Wiley Kub Jr.', 'Officia quam ut nulla nihil. Ratione et magni quae in. Soluta eaque dignissimos excepturi. Et quam sunt voluptatem sed nulla nesciunt.', '2018-03-30 19:07:16', '2018-03-30 19:07:16'),
(35, 6, 'Glen Spinka Sr.', 'Debitis voluptas quia dolorem autem sed tempora. Nam et quasi sit voluptatem et. Sunt et enim excepturi rerum rerum sit aut officia. Tempore quidem exercitationem quia cupiditate rem.', '2018-03-30 19:07:16', '2018-03-30 19:07:16'),
(36, 18, 'Vita Yost', 'Excepturi nostrum aperiam cumque voluptas. Sapiente aut aut enim veniam autem consectetur. Suscipit qui sit culpa et sint.', '2018-03-30 19:07:16', '2018-03-30 19:07:16'),
(37, 14, 'Howell Nicolas', 'Sed cumque quasi dolores saepe sequi in. Aut et maxime alias accusamus officiis architecto. Inventore enim minus sapiente esse autem reiciendis esse. Eos vel rem alias excepturi.', '2018-03-30 19:07:16', '2018-03-30 19:07:16'),
(38, 10, 'Wilfrid Dooley', 'Maxime odit quisquam non. Accusantium vitae aspernatur numquam et at dignissimos. Et consequatur exercitationem aspernatur ut. Qui aut sit ut porro perferendis.', '2018-03-30 19:07:16', '2018-03-30 19:07:16'),
(39, 4, 'Heather Becker', 'Quia numquam ut totam consectetur aut tempore voluptatum. Dicta quis ex qui nam ipsum unde.', '2018-03-30 19:07:16', '2018-03-30 19:07:16'),
(40, 7, 'Mr. Demond Auer III', 'Adipisci fugiat eveniet similique consectetur. Consectetur temporibus eum reiciendis est quaerat. Sed est voluptates suscipit sit.', '2018-03-30 19:07:16', '2018-03-30 19:07:16'),
(41, 7, 'Mrs. Neva Bernhard I', 'Tempora sed laboriosam minima dolor est corrupti id. Quas iste et repellat ducimus voluptatibus. Aperiam facere labore ad et sed et. At dignissimos dolor laudantium est natus exercitationem blanditiis.', '2018-03-30 19:07:16', '2018-03-30 19:07:16'),
(42, 17, 'Ulices Cronin PhD', 'Vitae sunt impedit repudiandae numquam et culpa nisi. Laboriosam est quia et sunt. Autem itaque necessitatibus consequuntur quidem fugiat.', '2018-03-30 19:07:16', '2018-03-30 19:07:16'),
(43, 14, 'Yadira Kerluke', 'Possimus nesciunt possimus laboriosam tenetur omnis esse quis. Quo labore rerum sunt ab a iusto. Quae autem aliquid ut aut minima cupiditate harum.', '2018-03-30 19:07:16', '2018-03-30 19:07:16'),
(44, 9, 'Jess Herzog MD', 'Ipsam sint facilis voluptatem quis voluptate. Voluptate ut consectetur quasi qui necessitatibus. Tempora iure ipsa exercitationem repellendus. Voluptatem accusamus expedita voluptatem.', '2018-03-30 19:07:16', '2018-03-30 19:07:16'),
(45, 10, 'Cathrine Gerhold', 'Non autem quasi ratione quaerat maiores quos. Dicta quo explicabo fugit est sit. Aut possimus distinctio atque voluptatem enim dolores excepturi eos.', '2018-03-30 19:07:16', '2018-03-30 19:07:16'),
(46, 15, 'Prof. Arely Conroy III', 'Architecto autem a modi deleniti. Facilis hic quia autem accusantium aliquid. Ut est voluptatem qui amet animi. Voluptas incidunt et aspernatur possimus velit occaecati consequuntur.', '2018-03-30 19:07:16', '2018-03-30 19:07:16'),
(47, 19, 'Prof. Anissa O\'Conner PhD', 'Autem saepe ut suscipit exercitationem. Consequatur magni dolores suscipit ea et dolores. Quod itaque sit maxime odit.', '2018-03-30 19:07:16', '2018-03-30 19:07:16'),
(48, 2, 'Miss Allie Grant', 'Quam dolor repudiandae id animi hic ut mollitia. Temporibus occaecati quo sunt optio officia ut reiciendis. Voluptatibus necessitatibus eos quia perferendis qui. Delectus dolores rerum dolorum maxime vel necessitatibus molestias sed. Aspernatur odit quia vel ea.', '2018-03-30 19:07:16', '2018-03-30 19:07:16'),
(49, 7, 'Evalyn Lockman', 'Eos molestiae sunt omnis voluptas. Dicta voluptatibus velit unde deserunt. Consequuntur et culpa exercitationem inventore. Occaecati aut ipsam vitae voluptatibus.', '2018-03-30 19:07:16', '2018-03-30 19:07:16'),
(50, 6, 'Maxine Kutch IV', 'Aperiam voluptatibus est pariatur deleniti recusandae provident minima. Aut non sint corporis. Et eaque assumenda ad velit. Voluptatem ratione non dolores eaque iure blanditiis.', '2018-03-30 19:07:16', '2018-03-30 19:07:16'),
(51, 8, 'Mr. Kieran Turner Sr.', 'Atque est accusantium ut eligendi perspiciatis expedita. Blanditiis voluptatem consequatur iure facere perspiciatis similique. Dolorem id qui dolorem est dicta qui. Rerum quis unde sint ullam illum.', '2018-03-30 19:07:16', '2018-03-30 19:07:16'),
(52, 4, 'Aaliyah Ziemann', 'Omnis reiciendis omnis adipisci est est beatae accusantium. Qui quidem officia non vel. Ea qui soluta et.', '2018-03-30 19:07:16', '2018-03-30 19:07:16'),
(53, 16, 'Miss Hailie McLaughlin', 'Doloremque eveniet non minus ea quas eius. Eum qui cum animi aliquam quis. Eos est qui dolorem asperiores voluptatem voluptates consequuntur. Fuga illo nisi aut soluta facilis nihil.', '2018-03-30 19:07:16', '2018-03-30 19:07:16'),
(54, 11, 'Miss Brittany Breitenberg', 'Necessitatibus consequatur sit non iure debitis qui. Expedita officia doloribus eligendi magnam beatae expedita. Error illum suscipit voluptas qui.', '2018-03-30 19:07:16', '2018-03-30 19:07:16'),
(55, 16, 'Michel Hartmann', 'Aut consequatur impedit dolorem sapiente expedita commodi. Dolor minus iusto recusandae ab velit. Minus consectetur et vitae nam at.', '2018-03-30 19:07:16', '2018-03-30 19:07:16'),
(56, 1, 'Mr. Alfred Kunde PhD', 'Non commodi blanditiis fugiat soluta. Voluptatibus veniam nihil aut quo porro asperiores debitis soluta. Corporis et magnam aut ad tempora aut autem. Quibusdam assumenda architecto voluptatibus tempore quasi expedita sapiente.', '2018-03-30 19:07:16', '2018-03-30 19:07:16'),
(57, 10, 'Shad Kerluke', 'Itaque nobis iure animi sequi iusto veritatis et. Est iure nulla quidem omnis laborum illum. Ducimus sit possimus aut deleniti. Sed perferendis error et quam nobis ipsam.', '2018-03-30 19:07:16', '2018-03-30 19:07:16'),
(58, 4, 'Mr. Zachery Tromp III', 'Amet et est laboriosam mollitia iure similique voluptatem. Laboriosam aliquid veniam ullam aut quasi. Sequi tempore eum officiis voluptatibus labore aut nostrum.', '2018-03-30 19:07:16', '2018-03-30 19:07:16'),
(59, 12, 'Ms. Alejandra Crist III', 'Laborum sequi quas vero voluptates reprehenderit facere eveniet eum. Est sapiente qui sunt sed. Possimus alias dolores aut sequi est recusandae. Aut qui aut atque doloremque.', '2018-03-30 19:07:16', '2018-03-30 19:07:16'),
(60, 14, 'Miss Jeanne Weimann', 'Reiciendis ea earum qui atque illo saepe et. Nobis impedit unde explicabo id quibusdam vel. Sit amet velit et rerum reprehenderit neque occaecati. Ipsa ipsam eaque consectetur rerum animi est non impedit.', '2018-03-30 19:07:16', '2018-03-30 19:07:16'),
(61, 5, 'Prof. Lavern Kemmer', 'Dicta ex placeat ullam ab autem corporis. Rerum accusantium vel tenetur autem quo. Mollitia exercitationem qui ut ab molestiae aut porro.', '2018-03-30 19:07:16', '2018-03-30 19:07:16'),
(62, 12, 'Lilla Ratke', 'Aut id sit officiis excepturi sit. Culpa saepe quis quo dolor magnam magni vero. Neque culpa vitae ut molestiae modi sunt iste.', '2018-03-30 19:07:16', '2018-03-30 19:07:16'),
(63, 10, 'Ms. Shyann Haley II', 'Ut dolor et dolores enim et aut. Adipisci blanditiis soluta enim asperiores mollitia sed numquam nemo. Eos voluptas est eos veritatis aut autem.', '2018-03-30 19:07:16', '2018-03-30 19:07:16'),
(64, 17, 'Mrs. Giovanna Rolfson MD', 'Temporibus qui rerum sint at corporis. Rem nihil magni eligendi et non accusantium expedita. Aspernatur ea assumenda repudiandae recusandae. Velit autem nesciunt repudiandae tenetur.', '2018-03-30 19:07:16', '2018-03-30 19:07:16'),
(65, 20, 'Mr. Nasir Mertz', 'Dignissimos magnam consectetur placeat. Iusto soluta qui deleniti aut porro quia. Quia est qui voluptatem reiciendis optio labore possimus. Odio aut libero sequi dolores.', '2018-03-30 19:07:16', '2018-03-30 19:07:16'),
(66, 7, 'Dr. Joanie Zemlak I', 'Libero dolorem voluptatem aperiam eveniet ut sed. Asperiores veniam recusandae non consequatur. Non debitis quidem est ea ut molestiae ut.', '2018-03-30 19:07:16', '2018-03-30 19:07:16'),
(67, 9, 'Dr. Schuyler Gulgowski Sr.', 'Omnis sequi quidem odio quis eos. Odit ut itaque error et exercitationem. Labore quo minus et et est et quis.', '2018-03-30 19:07:16', '2018-03-30 19:07:16'),
(68, 19, 'Scarlett Tillman', 'Itaque nulla tempora vel. Sapiente est voluptates tempore fugit necessitatibus. Consequatur blanditiis delectus rerum tenetur.', '2018-03-30 19:07:16', '2018-03-30 19:07:16'),
(69, 19, 'Ervin Barton', 'Vel a minus error quos nulla deserunt. Molestias autem quam ullam culpa repellendus voluptatem voluptatem. Architecto accusamus sequi omnis et ullam voluptas. Doloremque illum aperiam corporis est cupiditate veniam saepe. Ullam molestiae dolorem dolorem est at.', '2018-03-30 19:07:16', '2018-03-30 19:07:16'),
(70, 12, 'Antonina Kozey', 'Amet voluptatum iusto non quidem voluptatum. Soluta non neque a itaque tempore quod. Est rem aut natus quia quia quia.', '2018-03-30 19:07:16', '2018-03-30 19:07:16'),
(71, 5, 'Prof. Dina Leuschke', 'Sint sapiente ab facere in. Dolor labore totam cupiditate voluptatem ipsam. Inventore velit rerum laborum laudantium quasi accusantium non. Voluptatum facilis animi amet sit quidem similique qui ratione.', '2018-03-30 19:07:16', '2018-03-30 19:07:16'),
(72, 13, 'Dr. Candida Conn DVM', 'Dicta dolor incidunt sequi quis necessitatibus. Laboriosam ut et ut fuga sed qui enim. Impedit vero molestiae quibusdam deleniti voluptate cumque. Recusandae et neque libero omnis optio aut.', '2018-03-30 19:07:16', '2018-03-30 19:07:16'),
(73, 13, 'Mrs. Daisha McDermott IV', 'Molestiae nesciunt libero doloribus expedita aut voluptates. Rerum ut laudantium eligendi sint. Sunt et quisquam beatae ipsa veritatis animi.', '2018-03-30 19:07:16', '2018-03-30 19:07:16'),
(74, 17, 'Dr. Annamae Bogisich', 'Dolores voluptates quisquam dolore quos velit. Quis recusandae accusantium adipisci qui excepturi. Mollitia rerum modi et blanditiis beatae. Commodi tenetur minima est dolor in quo laudantium. Ullam qui est qui velit aut.', '2018-03-30 19:07:16', '2018-03-30 19:07:16'),
(75, 13, 'Heath Buckridge Jr.', 'Itaque omnis voluptas natus voluptates. Unde mollitia et fuga non inventore aut. Quidem neque molestias eum officiis eos inventore sunt expedita. Accusantium consequatur voluptatem amet.', '2018-03-30 19:07:16', '2018-03-30 19:07:16'),
(76, 3, 'Mrs. Barbara Padberg', 'Eligendi vitae id quasi consequuntur repudiandae. Et magni a eius eaque. Porro est recusandae dignissimos eveniet provident sit et.', '2018-03-30 19:07:16', '2018-03-30 19:07:16'),
(77, 19, 'Maxine Stark Jr.', 'Fugiat similique cupiditate voluptas est. Cum amet quasi sunt enim voluptas. Aperiam id cumque repellendus ipsa itaque laboriosam explicabo.', '2018-03-30 19:07:16', '2018-03-30 19:07:16'),
(78, 3, 'Solon Stracke', 'Repudiandae voluptatem qui vel aliquid non. Porro quis accusantium voluptatum voluptates accusantium maiores. Aut et aut qui nemo. Consequatur dolores omnis vel fugiat.', '2018-03-30 19:07:16', '2018-03-30 19:07:16'),
(79, 17, 'Prof. Dorothea Bode III', 'Nihil nostrum sed pariatur assumenda. Cumque omnis aut qui vel ut autem explicabo. Accusantium perspiciatis quaerat occaecati dolor fugiat voluptatibus tenetur.', '2018-03-30 19:07:16', '2018-03-30 19:07:16'),
(80, 11, 'Everett Rohan PhD', 'Nostrum distinctio rerum et earum consequatur et. Similique tenetur assumenda assumenda eius minima. Fugit culpa repudiandae provident voluptates voluptate fuga praesentium. Dolor eius non dolor aut accusantium pariatur aliquid modi. Qui perspiciatis eum quia quia sit in.', '2018-03-30 19:07:16', '2018-03-30 19:07:16'),
(81, 1, 'Ashleigh Torphy', 'Quam excepturi rem distinctio iste. Autem corporis dolores aut sit non voluptatem. Eos vel cumque possimus quia dignissimos. Eius ipsum aliquam voluptas facilis ut repudiandae dolorem.', '2018-03-30 19:07:16', '2018-03-30 19:07:16'),
(82, 3, 'Nelda Rowe', 'Iure temporibus a totam. Quia quasi aut nemo omnis iure explicabo natus quia. Aut qui quia enim ut qui. Qui ea vel fugiat harum non illum illum delectus.', '2018-03-30 19:07:16', '2018-03-30 19:07:16'),
(83, 4, 'Mr. Laron Oberbrunner', 'Cum et omnis expedita officiis sit. Vel eos alias unde mollitia aperiam quibusdam. Enim consequuntur voluptate similique in. Nobis quia ex ex ipsa cumque sed labore.', '2018-03-30 19:07:16', '2018-03-30 19:07:16'),
(84, 9, 'Sylvan Dare', 'Consequatur quos eveniet sit molestiae et modi ab. Saepe voluptas mollitia deleniti. Odit iusto iste non exercitationem eos distinctio dicta dolore.', '2018-03-30 19:07:16', '2018-03-30 19:07:16'),
(85, 19, 'Irwin Greenholt', 'Beatae natus occaecati sit ullam id quisquam. Dolores magni minus voluptas asperiores repellat cum. Sed dolor nemo eius et accusantium incidunt dolor.', '2018-03-30 19:07:16', '2018-03-30 19:07:16'),
(86, 20, 'Jedediah Turcotte', 'A nihil nulla quia et consectetur libero quia. Quae sint aut non omnis sapiente error numquam. Illum eum et illum ullam qui dolorum ipsum. Tempora voluptatem et sapiente in quod nihil accusantium.', '2018-03-30 19:07:16', '2018-03-30 19:07:16'),
(87, 12, 'Jordyn Kilback II', 'Nostrum maiores sit ut ut molestias dicta ut quas. Distinctio illum ipsam laudantium voluptates iusto. Quasi similique assumenda cupiditate ipsum.', '2018-03-30 19:07:16', '2018-03-30 19:07:16'),
(88, 7, 'Lavonne Jacobi', 'Odio quidem dolor enim rerum. Consequuntur adipisci minima labore cumque necessitatibus. Repudiandae alias ad laudantium commodi corporis beatae. Eligendi qui dolorem officia eum qui fuga dolore.', '2018-03-30 19:07:16', '2018-03-30 19:07:16'),
(89, 13, 'Dr. Jacey Senger', 'Rerum consequatur ad officiis. Eveniet sint ut molestiae veniam voluptas. Libero qui id error magni quis. Aperiam nobis harum adipisci nesciunt blanditiis.', '2018-03-30 19:07:16', '2018-03-30 19:07:16'),
(90, 14, 'Pasquale Carter', 'Doloribus libero molestias est dolores. Earum repudiandae architecto repellendus consequatur eos. Sed quis ut enim placeat et repellat autem non.', '2018-03-30 19:07:16', '2018-03-30 19:07:16'),
(91, 12, 'Russ Schmitt MD', 'Rerum et mollitia autem esse enim. Voluptas vel aliquid ad dolorem. Sit ut magnam enim.', '2018-03-30 19:07:16', '2018-03-30 19:07:16'),
(92, 14, 'Dr. Nigel Ernser DDS', 'Ullam itaque id in voluptatem est corrupti sunt. Et rerum provident sit quia qui delectus et. Aut commodi ut quas voluptas at ducimus.', '2018-03-30 19:07:16', '2018-03-30 19:07:16'),
(93, 13, 'Cassandre Halvorson', 'Eos aut dignissimos unde exercitationem maxime eum aut nulla. Ut sed impedit nisi iusto tenetur. Facere alias laboriosam delectus accusantium perspiciatis temporibus et. Id dolor quasi illum recusandae. Ut molestiae saepe perspiciatis.', '2018-03-30 19:07:16', '2018-03-30 19:07:16'),
(94, 18, 'Prof. Dorian Langworth DDS', 'Quaerat tenetur temporibus iste repudiandae sit pariatur quaerat molestiae. Veniam culpa tenetur doloribus corporis magnam.', '2018-03-30 19:07:16', '2018-03-30 19:07:16'),
(95, 16, 'Dr. Ardith Casper Sr.', 'Ut iste ratione modi. Est quis voluptates ratione est molestiae. Vel accusamus esse aperiam numquam nulla optio quod. Officiis omnis in facere sit tempore dicta.', '2018-03-30 19:07:16', '2018-03-30 19:07:16'),
(96, 5, 'Mr. Tanner Stiedemann', 'Quia amet ipsam assumenda adipisci nobis. Qui consequatur rerum tenetur ad maiores rerum culpa. Est suscipit dolores eveniet exercitationem.', '2018-03-30 19:07:16', '2018-03-30 19:07:16'),
(97, 11, 'Karlee Reinger', 'Tenetur natus voluptatem et voluptas dicta ipsa. Quod minima recusandae praesentium atque ut eveniet id. Vel excepturi at voluptates incidunt est. Placeat voluptatem molestias aut sit est. Dolor quis quis qui qui architecto.', '2018-03-30 19:07:16', '2018-03-30 19:07:16'),
(98, 20, 'Dr. Nasir Hermiston Sr.', 'Corporis sunt repellat beatae voluptates error iusto. Voluptate ut blanditiis numquam id vitae ipsum saepe. Expedita unde laudantium deserunt temporibus et. Reiciendis dolorem optio aut voluptatum qui iste iste.', '2018-03-30 19:07:16', '2018-03-30 19:07:16'),
(99, 18, 'Derek McLaughlin', 'Omnis voluptas quis iste voluptatum deserunt sint. Qui esse nobis inventore aut. Consectetur harum nesciunt id.', '2018-03-30 19:07:16', '2018-03-30 19:07:16'),
(100, 2, 'Litzy Schroeder', 'Vel perferendis laborum hic laudantium ut aut vel. Recusandae sed sequi quas et ex. Qui ut eligendi ipsam earum voluptatem provident. Doloribus atque aperiam omnis eius libero omnis asperiores.', '2018-03-30 19:07:16', '2018-03-30 19:07:16'),
(101, 7, 'Rocio Halvorson', 'Nemo ut soluta placeat ut. Voluptatem numquam suscipit ea. Sint debitis sed velit sit accusantium nihil nostrum. Sint rerum quo eaque et.', '2018-03-30 19:07:16', '2018-03-30 19:07:16'),
(102, 1, 'Oda Huel', 'Laboriosam ipsa nisi ut consequuntur. Similique mollitia nulla voluptas dignissimos itaque. Libero veniam vitae placeat consectetur maxime molestiae. Quaerat illo ut rerum ipsum non.', '2018-03-30 19:07:16', '2018-03-30 19:07:16'),
(103, 13, 'Imogene Satterfield', 'Atque voluptas dolores nihil accusantium voluptas expedita ab. Voluptate aut et recusandae.', '2018-03-30 19:07:16', '2018-03-30 19:07:16'),
(104, 12, 'Freeman Gutkowski', 'Quia dolores odit modi. Aut vitae debitis distinctio nulla. Cumque minus commodi sed pariatur ut quos.', '2018-03-30 19:07:16', '2018-03-30 19:07:16'),
(105, 20, 'Nels Greenfelder', 'Quam error sed et. Rerum quo est autem incidunt vero expedita dolores. Ratione omnis temporibus eum vel sit maxime.', '2018-03-30 19:07:16', '2018-03-30 19:07:16'),
(106, 14, 'Brooks Lemke', 'Et accusantium incidunt dolorem nemo. Ullam deleniti asperiores nihil beatae. Et et blanditiis quis non eius dolor. Voluptatem culpa et aut ea. Nesciunt tempore est culpa est sit iste corrupti.', '2018-03-30 19:07:16', '2018-03-30 19:07:16'),
(107, 7, 'Carmen Walsh', 'Voluptas reiciendis eius tenetur quae suscipit laudantium optio commodi. Aut placeat esse eos voluptatum veniam ut. Provident iusto illo eligendi nisi dolorem at ipsa. Quisquam rerum eveniet velit exercitationem error eaque possimus quis.', '2018-03-30 19:07:16', '2018-03-30 19:07:16'),
(108, 17, 'Prof. Joey Hammes', 'Maxime quo molestias deleniti est natus velit officiis voluptas. Est accusantium ullam excepturi est. Corrupti voluptatem quam quibusdam earum a. Et magni aut consequatur esse. Eligendi aliquam sunt ut dolor facilis asperiores rerum.', '2018-03-30 19:07:16', '2018-03-30 19:07:16'),
(109, 19, 'Wade Reichert', 'Voluptatum voluptatibus quidem dolorem et perspiciatis. Ipsam quaerat ab et rerum omnis. Perferendis et fugit qui dolorem temporibus qui. Id aliquam ex et sunt neque dolor tempora.', '2018-03-30 19:07:16', '2018-03-30 19:07:16'),
(110, 19, 'Prof. Mellie Gottlieb', 'Atque delectus libero tempore sunt quaerat dolor et. Ipsam illum neque unde et vero. Reprehenderit quaerat consectetur quidem sed ut. Eveniet repellendus nemo consequuntur id quod et. Ex sequi eum et numquam qui.', '2018-03-30 19:07:16', '2018-03-30 19:07:16'),
(111, 13, 'Dangelo O\'Hara', 'Modi incidunt veritatis aut maxime et optio animi quod. Ut est adipisci suscipit mollitia culpa voluptatibus sunt numquam. Id et aut unde eos quia neque et. Labore voluptas magni omnis.', '2018-03-30 19:07:16', '2018-03-30 19:07:16'),
(112, 11, 'Dr. Theodora Beer I', 'Hic qui aut voluptas consectetur voluptatibus. Quod quia occaecati non quo id aspernatur fugit. Sit occaecati enim debitis.', '2018-03-30 19:07:16', '2018-03-30 19:07:16'),
(113, 18, 'Daphnee Koepp', 'Cumque voluptate aut nihil illo. Eum mollitia ipsam aut iure non quia aut. Sunt consequatur blanditiis animi dolor sapiente corporis reprehenderit. Quasi est maiores qui sit.', '2018-03-30 19:07:16', '2018-03-30 19:07:16'),
(114, 20, 'Santino Breitenberg', 'Ipsa tempora dolor sint perspiciatis. Nulla quisquam rerum earum ut eligendi consequatur sed. In iusto fugiat voluptatem illo minus inventore architecto. Quia assumenda quo non maiores est optio id.', '2018-03-30 19:07:16', '2018-03-30 19:07:16'),
(115, 5, 'Buck Okuneva', 'Iste ipsa repudiandae ut assumenda aspernatur. Nam repellat qui cumque dolores.', '2018-03-30 19:07:16', '2018-03-30 19:07:16'),
(116, 17, 'Ursula Pollich', 'Eum veritatis omnis repellendus. Nostrum similique et in voluptas. Dolorum et sed quos.', '2018-03-30 19:07:16', '2018-03-30 19:07:16'),
(117, 4, 'Lexie Price IV', 'Maxime enim iste ut velit saepe adipisci qui explicabo. Velit nemo impedit sequi sint. Ullam consequatur et est ea earum. Alias sed voluptatibus laborum et enim.', '2018-03-30 19:07:16', '2018-03-30 19:07:16'),
(118, 20, 'Dr. Nikolas Shanahan I', 'Nostrum dignissimos atque dolorum aut sed. Id laborum voluptas eius enim magnam. Et aut omnis et inventore eum voluptate.', '2018-03-30 19:07:16', '2018-03-30 19:07:16'),
(119, 19, 'Mr. Ryder Nienow DDS', 'Quis natus aspernatur unde tenetur. Architecto delectus molestias magnam fugit. Porro accusamus reiciendis corrupti est. Facilis aut quae est eius et.', '2018-03-30 19:07:16', '2018-03-30 19:07:16'),
(120, 20, 'Prof. Dillan Eichmann', 'Et non hic quas enim voluptas et. Quas ea eligendi dignissimos ex assumenda. Inventore inventore eos explicabo sed. Eos ut aut sit velit consequatur.', '2018-03-30 19:07:16', '2018-03-30 19:07:16'),
(121, 13, 'Mrs. Ernestina Franecki', 'Quo et ullam provident sint. Ipsa est iure ut aut architecto asperiores voluptatem id. Aut quibusdam corrupti blanditiis amet incidunt veniam voluptas pariatur.', '2018-03-30 19:07:16', '2018-03-30 19:07:16'),
(122, 10, 'Osborne Kassulke', 'Animi qui nisi voluptates quas voluptate itaque ut. Ratione eos eos quos minima illum nostrum laboriosam. Autem quibusdam est cupiditate suscipit voluptas. Non dolorum consequatur quaerat nisi.', '2018-03-30 19:07:16', '2018-03-30 19:07:16'),
(123, 3, 'Ms. Alexa Fahey MD', 'Consectetur eum beatae aspernatur repellat est molestias aut minus. Repellat pariatur minima perferendis illo deserunt eaque. Voluptatibus ut reprehenderit magnam omnis facere asperiores et dolorum.', '2018-03-30 19:07:16', '2018-03-30 19:07:16'),
(124, 5, 'Arturo Greenfelder', 'Quae asperiores quia numquam sed. Quo aut harum ut asperiores necessitatibus sed. Aut est distinctio non quasi non suscipit modi. Quibusdam consequatur nesciunt voluptatem ut quo ex itaque.', '2018-03-30 19:07:16', '2018-03-30 19:07:16'),
(125, 7, 'Deja Feil', 'Cupiditate dolorum quo est amet illo. Fugiat labore qui impedit et. Veniam suscipit consectetur consequatur et.', '2018-03-30 19:07:16', '2018-03-30 19:07:16'),
(126, 15, 'Reggie Lakin', 'Voluptate commodi voluptatem aut qui expedita aspernatur ad. Quia suscipit veniam qui error dolore rerum quia qui. Quaerat sapiente deleniti iste ab dolores ducimus laborum. Ut quae dignissimos pariatur ut ut incidunt. Beatae nulla aliquam sequi quo omnis qui.', '2018-03-30 19:07:16', '2018-03-30 19:07:16'),
(127, 5, 'Alene Lang', 'Cumque accusamus hic aut nihil rerum. Velit dolorem veritatis velit. A distinctio iste nisi sunt dolorem mollitia eum vel.', '2018-03-30 19:07:16', '2018-03-30 19:07:16'),
(128, 2, 'Yadira Barrows', 'Consectetur et temporibus repellendus temporibus inventore repudiandae. Quas quis iusto fuga vero porro non.', '2018-03-30 19:07:16', '2018-03-30 19:07:16'),
(129, 7, 'Esteban Armstrong', 'Perferendis ad explicabo quis est id. Rem officia aut repellendus nostrum consequatur maiores qui. Adipisci id deserunt in voluptatem vel aut nisi.', '2018-03-30 19:07:16', '2018-03-30 19:07:16'),
(130, 1, 'Prof. Freddie Hartmann', 'Non ipsa eius perferendis est et. Et nesciunt voluptatibus sint laboriosam est rerum voluptas. Odio cumque placeat provident non quo sit tempore. At id sint rem perspiciatis incidunt. Non quis eveniet sed a.', '2018-03-30 19:07:16', '2018-03-30 19:07:16'),
(131, 4, 'Prof. Katlyn Wyman Sr.', 'Omnis laboriosam quisquam dolor perspiciatis sint. Pariatur ad earum commodi alias vel dicta vel. Velit voluptatibus iste ut quis sit. Dolore tenetur commodi quam enim voluptas sint. Vitae excepturi ipsam unde ducimus quam laborum expedita eius.', '2018-03-30 19:07:16', '2018-03-30 19:07:16'),
(132, 1, 'Mr. Dennis Lakin MD', 'Magnam reiciendis esse ipsam est voluptas enim incidunt. Libero et officia quasi voluptas et. Ut et earum est ut necessitatibus nihil. Qui et ipsam facilis eum rerum sit et.', '2018-03-30 19:07:16', '2018-03-30 19:07:16'),
(133, 10, 'Yessenia Swaniawski', 'Dolor ut ea qui rerum ex. Hic nisi eos sunt. Dolor recusandae sunt ut ipsum dolor et nobis. Eum qui voluptas laboriosam corrupti molestias unde.', '2018-03-30 19:07:16', '2018-03-30 19:07:16'),
(134, 17, 'Dr. Freeman Renner', 'Eaque eum quia quia aliquid fuga animi fugiat nesciunt. Vel officia cum cum qui. Eum et perferendis ut non ut eius qui ipsam. Aperiam rem dolor dolorem et est.', '2018-03-30 19:07:16', '2018-03-30 19:07:16'),
(135, 14, 'Billy Walsh', 'Consectetur rerum quis totam vel dolorem. Ut similique nesciunt eum reiciendis est dignissimos quisquam. Laboriosam deserunt sit qui id. Doloribus ab debitis dicta.', '2018-03-30 19:07:16', '2018-03-30 19:07:16'),
(136, 15, 'Prof. Durward Smith', 'Distinctio ad quo quis nam non voluptatibus soluta. Sed sint molestiae dolorum alias optio rem. Nihil quos soluta in asperiores. Doloremque blanditiis sunt iusto nihil cumque dolorem necessitatibus repellat.', '2018-03-30 19:07:16', '2018-03-30 19:07:16'),
(137, 18, 'Ellis Stamm', 'Veniam quae aut consectetur ut. Mollitia reprehenderit consequatur id vero.', '2018-03-30 19:07:16', '2018-03-30 19:07:16'),
(138, 19, 'Jace Jast', 'Iure sit vel deleniti. Aperiam laudantium at incidunt voluptas.', '2018-03-30 19:07:16', '2018-03-30 19:07:16'),
(139, 14, 'Emilia Halvorson', 'Excepturi ea atque aut quidem pariatur excepturi est. Tempore qui velit perferendis asperiores dolorem fugit. Qui fugit consequuntur provident qui dolorem aut sint.', '2018-03-30 19:07:16', '2018-03-30 19:07:16'),
(140, 19, 'Prof. Ayden Lueilwitz', 'Hic ex unde doloremque ut sit dolorem non. Vel impedit est id magni aut optio facilis. Eum error quidem odio natus est nobis culpa. Qui non tenetur numquam dolorem necessitatibus amet eos. Amet facere aliquid fugit debitis eaque sit at non.', '2018-03-30 19:07:16', '2018-03-30 19:07:16'),
(141, 12, 'Roy Kutch', 'Modi sint esse officia impedit excepturi aut qui. Est voluptas quis et ea consequatur consequuntur odio. Beatae necessitatibus praesentium maiores delectus quaerat dicta ab vero. Quidem suscipit impedit eveniet nulla.', '2018-03-30 19:07:16', '2018-03-30 19:07:16'),
(142, 7, 'Marjory Watsica IV', 'Eaque rerum vero repellat impedit sapiente et quod. Earum accusantium veniam molestiae porro id. Alias qui et laudantium voluptatem. Qui velit molestias eos dolorum.', '2018-03-30 19:07:16', '2018-03-30 19:07:16'),
(143, 12, 'Aisha Herzog', 'Sed voluptatem commodi delectus eligendi eveniet molestiae. Aperiam expedita est nisi corporis blanditiis omnis vel. Sunt voluptatem cum voluptatem aliquam porro.', '2018-03-30 19:07:16', '2018-03-30 19:07:16'),
(144, 8, 'Buck Morissette', 'Rem rerum nemo adipisci voluptatem possimus est aut. Esse dolorem est perspiciatis est autem ex. Dolor et rerum velit est.', '2018-03-30 19:07:16', '2018-03-30 19:07:16'),
(145, 19, 'Rhianna Satterfield', 'Nesciunt nam omnis aliquam quia ad consectetur debitis omnis. Possimus ut quasi harum et. Eum harum veritatis vel deleniti facilis eos nulla. Est eveniet et perferendis et.', '2018-03-30 19:07:16', '2018-03-30 19:07:16'),
(146, 3, 'Prof. Germaine Mitchell PhD', 'Quis cum expedita alias dolor et non fuga sint. Laborum natus veritatis qui aut. Corporis nulla unde voluptas odit aut eos nobis. Ex non et dolores reiciendis ut ut assumenda sed. Asperiores ab fuga provident nisi.', '2018-03-30 19:07:16', '2018-03-30 19:07:16'),
(147, 18, 'Amira Heaney', 'Aliquid magni et voluptas. Explicabo perspiciatis voluptas consectetur fugiat. Amet nesciunt placeat unde deleniti nihil sit consequatur.', '2018-03-30 19:07:16', '2018-03-30 19:07:16'),
(148, 14, 'Rhiannon Hills', 'Ut rerum nam optio et dolorem. Voluptatem nemo rerum inventore molestiae quas. Laborum praesentium in libero qui aut. Veritatis iure cum ea.', '2018-03-30 19:07:16', '2018-03-30 19:07:16'),
(149, 10, 'Anibal Boyle DDS', 'Dolor quam porro dolores sapiente hic quidem iste. Optio ullam nesciunt cum sunt consectetur quia harum distinctio. Voluptatem voluptas unde voluptatem dolorum nobis animi. Veritatis quas sed sequi dignissimos et dicta.', '2018-03-30 19:07:16', '2018-03-30 19:07:16'),
(150, 4, 'Claudie Senger', 'Enim eius officiis non natus odit possimus rem. Voluptatum accusamus tenetur iste sint. Aperiam dolores ut perspiciatis voluptatibus laboriosam repudiandae. Fugit enim molestias nesciunt quod id.', '2018-03-30 19:07:16', '2018-03-30 19:07:16'),
(151, 11, 'Mrs. Lora Johnson', 'Amet eius repudiandae velit repellat. Velit ut blanditiis voluptatem adipisci ut itaque. Accusamus adipisci fugiat sunt illo nulla et beatae et.', '2018-03-30 19:07:16', '2018-03-30 19:07:16'),
(152, 6, 'Lola Hand DDS', 'Laboriosam id et commodi doloremque sunt. Rerum velit ut eligendi eligendi. Et aut similique quos ipsa minus aut repellat voluptatem.', '2018-03-30 19:07:16', '2018-03-30 19:07:16'),
(153, 3, 'Ardith Ruecker', 'Qui iste vel odit ut neque architecto sunt dolor. Quod sit eos sunt. Molestias laudantium porro cumque exercitationem labore. Aliquam ut temporibus in nemo ut alias cumque ab.', '2018-03-30 19:07:16', '2018-03-30 19:07:16'),
(154, 5, 'Lavon Collins', 'Et corporis qui sint minus alias facilis vitae. Nihil dignissimos tempora laborum omnis a non. Qui et vero aperiam rem velit voluptatem vitae.', '2018-03-30 19:07:16', '2018-03-30 19:07:16'),
(155, 19, 'Mollie Sawayn', 'Voluptatum laudantium quia dolores quod voluptatibus. Ut et sapiente delectus molestias eos. Nihil repudiandae excepturi aut dolores voluptas et illo. Sint quam quia natus ducimus debitis quisquam sunt.', '2018-03-30 19:07:16', '2018-03-30 19:07:16'),
(156, 13, 'Miss Judy Skiles IV', 'Rerum pariatur voluptatum ut est. Fuga ipsa est eius at officia minima. Non nobis omnis temporibus et.', '2018-03-30 19:07:16', '2018-03-30 19:07:16'),
(157, 17, 'Emma Ullrich DDS', 'Libero voluptatem vel ducimus voluptate non. Blanditiis impedit excepturi nihil provident vel aut consequatur. Quaerat itaque sunt quo dolores expedita.', '2018-03-30 19:07:16', '2018-03-30 19:07:16'),
(158, 10, 'Kristoffer Schowalter', 'Neque rerum explicabo laborum animi in harum. Ad velit reprehenderit nobis animi eos. Atque est eum dolorem omnis nam dignissimos. Non sed nam et quidem veritatis ratione.', '2018-03-30 19:07:16', '2018-03-30 19:07:16'),
(159, 14, 'Matilde Mueller', 'Repudiandae totam explicabo nulla ratione nisi sunt nesciunt incidunt. Consequatur id quia laboriosam velit cupiditate earum ut. Quasi quia eum pariatur dolorum voluptatem eaque totam.', '2018-03-30 19:07:16', '2018-03-30 19:07:16'),
(160, 3, 'Theo Schmitt', 'Amet commodi odio harum aut suscipit doloribus animi earum. Maxime placeat ea nostrum aperiam officia minus ea. Eos velit natus quia a dolore nostrum eveniet nihil. Dolores ut ipsam eligendi id perferendis rerum.', '2018-03-30 19:07:16', '2018-03-30 19:07:16'),
(161, 4, 'Dr. Howell Kulas V', 'Id mollitia dolores tempora perferendis doloribus. Fugit repellat placeat earum. Quae aut dolores aperiam. Ipsum facere molestiae ut ut voluptas dolore architecto.', '2018-03-30 19:07:16', '2018-03-30 19:07:16'),
(162, 14, 'Ethel Abshire', 'Eos molestiae rem maxime et ab ad accusantium et. Sequi corporis et asperiores voluptas pariatur aliquam facilis. Soluta a provident nobis aut.', '2018-03-30 19:07:16', '2018-03-30 19:07:16'),
(163, 4, 'Garfield Cormier', 'Cupiditate non deserunt eligendi architecto exercitationem sint. Et voluptate ratione dolorum esse ex et qui. Ut consequatur dignissimos voluptatem repellendus magni quas et. Quidem possimus est quos distinctio.', '2018-03-30 19:07:16', '2018-03-30 19:07:16'),
(164, 14, 'Jayda Armstrong', 'Assumenda delectus eaque aperiam reprehenderit. At commodi et soluta commodi. Nesciunt qui ducimus quae quis dignissimos.', '2018-03-30 19:07:16', '2018-03-30 19:07:16'),
(165, 14, 'Mandy Cummings', 'Quod quae doloribus porro voluptates. Alias odio veritatis quibusdam voluptate doloribus est. Facilis sunt error itaque aut maiores ex. Vitae eos sunt libero nemo voluptatem molestiae harum non.', '2018-03-30 19:07:16', '2018-03-30 19:07:16'),
(166, 4, 'Horace Towne', 'Qui quia ipsa non eius et amet. Molestias dolor velit quo molestias. Beatae quod harum consequatur ut dolor molestiae dolores.', '2018-03-30 19:07:16', '2018-03-30 19:07:16'),
(167, 6, 'Wava Zboncak', 'Excepturi aliquam illo cum debitis voluptatibus eos accusamus. Qui officiis voluptatum vel id. Sint illo eum molestiae laboriosam sapiente quidem laborum.', '2018-03-30 19:07:16', '2018-03-30 19:07:16'),
(168, 18, 'Mr. Alvah Connelly I', 'Dolores officia voluptatem sit rerum. Ea voluptates sint consequuntur nemo nam repellendus ut modi. Quod eius unde quidem quaerat optio accusamus sed.', '2018-03-30 19:07:16', '2018-03-30 19:07:16'),
(169, 9, 'Liliane Nader', 'Ex rem omnis dolor architecto impedit. Itaque provident sit et. Omnis iusto nobis illo recusandae asperiores eum.', '2018-03-30 19:07:16', '2018-03-30 19:07:16'),
(170, 18, 'Wilfred Crooks', 'Fuga dolorem perferendis fugiat aut. Nemo aliquid quia voluptatem est nemo. Qui iure possimus ut minima.', '2018-03-30 19:07:16', '2018-03-30 19:07:16'),
(171, 6, 'Gladyce Ryan', 'Sint quibusdam reiciendis qui et voluptatem porro. Magnam reiciendis ab aperiam quia ut recusandae eveniet. Velit ullam numquam minus iste at perferendis. Nulla quia et odit itaque quia.', '2018-03-30 19:07:16', '2018-03-30 19:07:16'),
(172, 7, 'Erika Hoeger', 'Suscipit dolor saepe laudantium quas nulla quaerat. Voluptas et nam itaque deleniti doloribus quod ut minima. Possimus tempore et omnis sit consequatur animi.', '2018-03-30 19:07:16', '2018-03-30 19:07:16'),
(173, 6, 'Prof. Ulises Lesch PhD', 'Ut quia soluta distinctio. A consequuntur eveniet provident et non. Impedit porro alias earum repudiandae.', '2018-03-30 19:07:16', '2018-03-30 19:07:16'),
(174, 4, 'Bradley Mueller MD', 'Accusamus pariatur culpa ullam temporibus ut. In neque et quae est dolores atque beatae architecto. Voluptatibus qui ipsum dolorem porro. Iusto vel quia odit aliquam quae consequuntur sequi. Est incidunt rem est tempora.', '2018-03-30 19:07:16', '2018-03-30 19:07:16'),
(175, 8, 'Jovan Adams', 'Ut provident veritatis dolorem et quia voluptas. Optio quos placeat consequuntur temporibus. Sint voluptate quia nulla qui incidunt. Et voluptatum repellat tenetur maxime laudantium earum.', '2018-03-30 19:07:16', '2018-03-30 19:07:16'),
(176, 8, 'Margaretta Muller DVM', 'Vero officiis eum debitis molestiae. Qui reprehenderit fuga tempore in quasi deserunt est. Error saepe laudantium corrupti modi qui vero.', '2018-03-30 19:07:16', '2018-03-30 19:07:16'),
(177, 18, 'Miss Vivienne Feest Sr.', 'Ut ea dicta laudantium ut molestiae. Magni aut velit illum odio. Sed hic pariatur voluptatem iure reprehenderit. Et nemo blanditiis ea fugiat accusantium rem. In eveniet ea sit fugiat.', '2018-03-30 19:07:16', '2018-03-30 19:07:16'),
(178, 4, 'Ms. Mariane Medhurst', 'Cum deleniti nemo est aut sint iste. Delectus rerum eos amet eaque doloremque. Ipsam impedit sunt qui et id nisi et.', '2018-03-30 19:07:16', '2018-03-30 19:07:16'),
(179, 4, 'Gerhard Yundt', 'Ut sunt omnis est. Rerum optio asperiores ratione facere et quas. Qui harum magni necessitatibus et illo.', '2018-03-30 19:07:16', '2018-03-30 19:07:16'),
(180, 6, 'Kimberly Romaguera', 'Aut aliquid illum laboriosam qui facere consequatur. Fuga et repellat sunt modi. Quis enim vel eum a. Ut rerum necessitatibus molestiae et tempore explicabo.', '2018-03-30 19:07:16', '2018-03-30 19:07:16'),
(181, 18, 'Adolfo Kuhlman', 'Dicta pariatur est consequuntur. Quis sit tenetur ab rem. Culpa iste aut voluptas similique.', '2018-03-30 19:07:16', '2018-03-30 19:07:16'),
(182, 14, 'Christopher Kuvalis II', 'Minima cupiditate autem eum. Perspiciatis ut ut occaecati illo illo doloremque. Voluptate deleniti ipsam cum eaque perspiciatis et numquam. Totam voluptas praesentium ut ducimus praesentium.', '2018-03-30 19:07:16', '2018-03-30 19:07:16'),
(183, 12, 'Jalen Wisozk', 'Voluptas dolorum quidem aliquid. Et in atque itaque qui tempora dolorum corporis deserunt. Dolor excepturi veniam molestiae repudiandae sunt.', '2018-03-30 19:07:16', '2018-03-30 19:07:16'),
(184, 7, 'Lucinda King', 'Quidem vel enim et non. Sequi culpa deleniti necessitatibus est iusto. Aut eos sunt ipsa pariatur.', '2018-03-30 19:07:16', '2018-03-30 19:07:16'),
(185, 14, 'Mr. Branson Witting', 'Tempore animi est minima et ut. Nulla aliquam id facilis earum.', '2018-03-30 19:07:16', '2018-03-30 19:07:16'),
(186, 7, 'Laisha Wintheiser', 'Deleniti quod neque quidem pariatur quo facilis dolores. Consequatur exercitationem velit ipsam ipsa. Culpa odio nobis aliquam deleniti.', '2018-03-30 19:07:16', '2018-03-30 19:07:16'),
(187, 5, 'Dr. Tianna Barton DVM', 'Sint non voluptatibus laborum. Doloremque ex et sit est ad itaque labore quas. Consectetur est consectetur quis vel qui nisi deleniti. Repudiandae minus aut ea a adipisci incidunt rerum. Vero ex molestiae voluptas.', '2018-03-30 19:07:16', '2018-03-30 19:07:16'),
(188, 13, 'Breanna Strosin', 'Sed et et aut. Neque explicabo quasi nam. Nostrum ut ut sunt sit reiciendis aut.', '2018-03-30 19:07:16', '2018-03-30 19:07:16'),
(189, 20, 'Eveline Schumm', 'Eum cum qui dolores mollitia commodi iure eius. Enim ad nemo officiis quia. Et sequi nemo vero est illo iure.', '2018-03-30 19:07:16', '2018-03-30 19:07:16'),
(190, 18, 'Marquise Hilll V', 'Blanditiis sit nisi nihil. Hic aliquid reiciendis quia itaque. Iste qui iure molestiae ut consequatur. Necessitatibus voluptates omnis esse sint assumenda ut qui.', '2018-03-30 19:07:16', '2018-03-30 19:07:16'),
(191, 3, 'Ernie Daugherty PhD', 'Autem magni in aliquid nulla possimus repudiandae excepturi. Est quo exercitationem vel sunt rem.', '2018-03-30 19:07:16', '2018-03-30 19:07:16'),
(192, 7, 'German Runolfsdottir', 'Repudiandae facilis id numquam consequatur eveniet. Ab voluptas ut consectetur reprehenderit. Pariatur quibusdam id unde.', '2018-03-30 19:07:16', '2018-03-30 19:07:16'),
(193, 1, 'Jazmyne Blanda', 'Ex et libero est quo cum voluptas doloremque. Velit aut eum quo porro temporibus cum quam. Et odio veritatis exercitationem.', '2018-03-30 19:07:16', '2018-03-30 19:07:16'),
(194, 3, 'Prof. Rita Miller Sr.', 'Velit in placeat quas explicabo porro. Earum consectetur corporis voluptatem magnam dolores nesciunt. Tenetur suscipit qui nihil nulla quia rerum.', '2018-03-30 19:07:16', '2018-03-30 19:07:16'),
(195, 4, 'Prof. Ibrahim Osinski III', 'Aut cupiditate facilis animi iure. Nihil ipsam corrupti voluptatem hic aliquam. Magnam labore dolor autem modi iste.', '2018-03-30 19:07:16', '2018-03-30 19:07:16'),
(196, 7, 'Mikayla Hoppe', 'Eligendi explicabo nulla ipsa est dignissimos expedita enim. Omnis molestiae recusandae maxime corrupti commodi. Quo ut quidem sunt sed et. Rerum voluptatem aspernatur quos molestias. Qui maiores et veritatis ex voluptas.', '2018-03-30 19:07:16', '2018-03-30 19:07:16'),
(197, 1, 'Rossie Grady', 'Quibusdam sunt quia quia corrupti. Consequatur optio qui rem dolorem cum eum. Aut aut maxime deserunt illum dolor error cumque.', '2018-03-30 19:07:16', '2018-03-30 19:07:16'),
(198, 2, 'Miss Eulalia Bode Sr.', 'Totam qui minus ipsam qui. Quae perferendis fuga aut ut dolorem nam totam. Rem delectus earum laudantium aliquid quia. Accusamus corporis magnam ipsa voluptas.', '2018-03-30 19:07:16', '2018-03-30 19:07:16'),
(199, 1, 'Linnea Green', 'Molestias molestiae pariatur quisquam excepturi fugiat nulla excepturi aliquam. Rem in rerum adipisci assumenda voluptatibus. Alias dicta rerum est molestiae temporibus. Voluptatum doloremque recusandae est sed cum in.', '2018-03-30 19:07:16', '2018-03-30 19:07:16'),
(200, 18, 'Franz Schroeder', 'Labore numquam excepturi qui consequatur. Molestiae fuga eaque suscipit quasi et aperiam. Nam veniam dolor vel officia illum fugit consequuntur. Consequatur fuga laudantium dolorem iure iste sit et. Dolore nam eum odit praesentium velit non.', '2018-03-30 19:07:16', '2018-03-30 19:07:16'),
(202, 1, 'abdelghni hamnar', 'this is abdelghani post updating', '2018-03-31 14:43:01', '2018-03-31 15:18:51');

-- --------------------------------------------------------

--
-- Table structure for table `migrations`
--

DROP TABLE IF EXISTS `migrations`;
CREATE TABLE IF NOT EXISTS `migrations` (
  `id` int(10) UNSIGNED NOT NULL AUTO_INCREMENT,
  `migration` varchar(191) COLLATE utf8mb4_unicode_ci NOT NULL,
  `batch` int(11) NOT NULL,
  PRIMARY KEY (`id`)
) ENGINE=MyISAM AUTO_INCREMENT=10 DEFAULT CHARSET=utf8mb4 COLLATE=utf8mb4_unicode_ci;

--
-- Dumping data for table `migrations`
--

INSERT INTO `migrations` (`id`, `migration`, `batch`) VALUES
(1, '2014_10_12_000000_create_users_table', 1),
(2, '2014_10_12_100000_create_password_resets_table', 1),
(3, '2018_03_30_204328_create_posts_table', 1),
(4, '2018_03_30_204358_create_comments_table', 1),
(5, '2016_06_01_000001_create_oauth_auth_codes_table', 2),
(6, '2016_06_01_000002_create_oauth_access_tokens_table', 2),
(7, '2016_06_01_000003_create_oauth_refresh_tokens_table', 2),
(8, '2016_06_01_000004_create_oauth_clients_table', 2),
(9, '2016_06_01_000005_create_oauth_personal_access_clients_table', 2);

-- --------------------------------------------------------

--
-- Table structure for table `oauth_access_tokens`
--

DROP TABLE IF EXISTS `oauth_access_tokens`;
CREATE TABLE IF NOT EXISTS `oauth_access_tokens` (
  `id` varchar(100) COLLATE utf8mb4_unicode_ci NOT NULL,
  `user_id` int(11) DEFAULT NULL,
  `client_id` int(11) NOT NULL,
  `name` varchar(191) COLLATE utf8mb4_unicode_ci DEFAULT NULL,
  `scopes` text COLLATE utf8mb4_unicode_ci,
  `revoked` tinyint(1) NOT NULL,
  `created_at` timestamp NULL DEFAULT NULL,
  `updated_at` timestamp NULL DEFAULT NULL,
  `expires_at` datetime DEFAULT NULL,
  PRIMARY KEY (`id`),
  KEY `oauth_access_tokens_user_id_index` (`user_id`)
) ENGINE=MyISAM DEFAULT CHARSET=utf8mb4 COLLATE=utf8mb4_unicode_ci;

--
-- Dumping data for table `oauth_access_tokens`
--

INSERT INTO `oauth_access_tokens` (`id`, `user_id`, `client_id`, `name`, `scopes`, `revoked`, `created_at`, `updated_at`, `expires_at`) VALUES
('0183b82805264b09f630c6e63fd34bc08a348c8ce30f30aeb9c2b9a18ca27285c02722e4b249f612', 1, 2, NULL, '[]', 0, '2018-03-31 11:03:00', '2018-03-31 11:03:00', '2019-03-31 13:03:00'),
('c5aed725e42a43d654749f1ffa10558714cf6607554741098200635082034f0b0154af9d8cbf205e', 1, 2, NULL, '[]', 0, '2018-03-31 11:04:09', '2018-03-31 11:04:09', '2019-03-31 13:04:09');

-- --------------------------------------------------------

--
-- Table structure for table `oauth_auth_codes`
--

DROP TABLE IF EXISTS `oauth_auth_codes`;
CREATE TABLE IF NOT EXISTS `oauth_auth_codes` (
  `id` varchar(100) COLLATE utf8mb4_unicode_ci NOT NULL,
  `user_id` int(11) NOT NULL,
  `client_id` int(11) NOT NULL,
  `scopes` text COLLATE utf8mb4_unicode_ci,
  `revoked` tinyint(1) NOT NULL,
  `expires_at` datetime DEFAULT NULL,
  PRIMARY KEY (`id`)
) ENGINE=MyISAM DEFAULT CHARSET=utf8mb4 COLLATE=utf8mb4_unicode_ci;

-- --------------------------------------------------------

--
-- Table structure for table `oauth_clients`
--

DROP TABLE IF EXISTS `oauth_clients`;
CREATE TABLE IF NOT EXISTS `oauth_clients` (
  `id` int(10) UNSIGNED NOT NULL AUTO_INCREMENT,
  `user_id` int(11) DEFAULT NULL,
  `name` varchar(191) COLLATE utf8mb4_unicode_ci NOT NULL,
  `secret` varchar(100) COLLATE utf8mb4_unicode_ci NOT NULL,
  `redirect` text COLLATE utf8mb4_unicode_ci NOT NULL,
  `personal_access_client` tinyint(1) NOT NULL,
  `password_client` tinyint(1) NOT NULL,
  `revoked` tinyint(1) NOT NULL,
  `created_at` timestamp NULL DEFAULT NULL,
  `updated_at` timestamp NULL DEFAULT NULL,
  PRIMARY KEY (`id`),
  KEY `oauth_clients_user_id_index` (`user_id`)
) ENGINE=MyISAM AUTO_INCREMENT=3 DEFAULT CHARSET=utf8mb4 COLLATE=utf8mb4_unicode_ci;

--
-- Dumping data for table `oauth_clients`
--

INSERT INTO `oauth_clients` (`id`, `user_id`, `name`, `secret`, `redirect`, `personal_access_client`, `password_client`, `revoked`, `created_at`, `updated_at`) VALUES
(1, NULL, 'Laravel Personal Access Client', 'YitiWjWM9C6VOzuRGwp9zTBp5EoWmdUGlAU0cEuM', 'http://localhost', 1, 0, 0, '2018-03-31 10:48:25', '2018-03-31 10:48:25'),
(2, NULL, 'Laravel Password Grant Client', 'Vx3y5XyKrrBo3d58OVxPD4vvUqcnEF4wAZJKLv5L', 'http://localhost', 0, 1, 0, '2018-03-31 10:48:26', '2018-03-31 10:48:26');

-- --------------------------------------------------------

--
-- Table structure for table `oauth_personal_access_clients`
--

DROP TABLE IF EXISTS `oauth_personal_access_clients`;
CREATE TABLE IF NOT EXISTS `oauth_personal_access_clients` (
  `id` int(10) UNSIGNED NOT NULL AUTO_INCREMENT,
  `client_id` int(11) NOT NULL,
  `created_at` timestamp NULL DEFAULT NULL,
  `updated_at` timestamp NULL DEFAULT NULL,
  PRIMARY KEY (`id`),
  KEY `oauth_personal_access_clients_client_id_index` (`client_id`)
) ENGINE=MyISAM AUTO_INCREMENT=2 DEFAULT CHARSET=utf8mb4 COLLATE=utf8mb4_unicode_ci;

--
-- Dumping data for table `oauth_personal_access_clients`
--

INSERT INTO `oauth_personal_access_clients` (`id`, `client_id`, `created_at`, `updated_at`) VALUES
(1, 1, '2018-03-31 10:48:26', '2018-03-31 10:48:26');

-- --------------------------------------------------------

--
-- Table structure for table `oauth_refresh_tokens`
--

DROP TABLE IF EXISTS `oauth_refresh_tokens`;
CREATE TABLE IF NOT EXISTS `oauth_refresh_tokens` (
  `id` varchar(100) COLLATE utf8mb4_unicode_ci NOT NULL,
  `access_token_id` varchar(100) COLLATE utf8mb4_unicode_ci NOT NULL,
  `revoked` tinyint(1) NOT NULL,
  `expires_at` datetime DEFAULT NULL,
  PRIMARY KEY (`id`),
  KEY `oauth_refresh_tokens_access_token_id_index` (`access_token_id`)
) ENGINE=MyISAM DEFAULT CHARSET=utf8mb4 COLLATE=utf8mb4_unicode_ci;

--
-- Dumping data for table `oauth_refresh_tokens`
--

INSERT INTO `oauth_refresh_tokens` (`id`, `access_token_id`, `revoked`, `expires_at`) VALUES
('3c389f33b2438259381de45bae25d03beb7f34647594c1129c53392616bd80e10217a2b59a07a93c', '0183b82805264b09f630c6e63fd34bc08a348c8ce30f30aeb9c2b9a18ca27285c02722e4b249f612', 0, '2019-03-31 13:03:00'),
('81fe93acfa40bc386642c079ad5181ec4fff33cc2bfc8af59597b2da7d8492f9c7c63538adaea78a', 'c5aed725e42a43d654749f1ffa10558714cf6607554741098200635082034f0b0154af9d8cbf205e', 0, '2019-03-31 13:04:09');

-- --------------------------------------------------------

--
-- Table structure for table `password_resets`
--

DROP TABLE IF EXISTS `password_resets`;
CREATE TABLE IF NOT EXISTS `password_resets` (
  `email` varchar(191) COLLATE utf8mb4_unicode_ci NOT NULL,
  `token` varchar(191) COLLATE utf8mb4_unicode_ci NOT NULL,
  `created_at` timestamp NULL DEFAULT NULL,
  KEY `password_resets_email_index` (`email`)
) ENGINE=MyISAM DEFAULT CHARSET=utf8mb4 COLLATE=utf8mb4_unicode_ci;

-- --------------------------------------------------------

--
-- Table structure for table `posts`
--

DROP TABLE IF EXISTS `posts`;
CREATE TABLE IF NOT EXISTS `posts` (
  `id` int(10) UNSIGNED NOT NULL AUTO_INCREMENT,
  `user_id` int(10) UNSIGNED NOT NULL,
  `title` varchar(191) COLLATE utf8mb4_unicode_ci NOT NULL,
  `detail` text COLLATE utf8mb4_unicode_ci NOT NULL,
  `created_at` timestamp NULL DEFAULT NULL,
  `updated_at` timestamp NULL DEFAULT NULL,
  PRIMARY KEY (`id`),
  KEY `posts_user_id_index` (`user_id`)
) ENGINE=MyISAM AUTO_INCREMENT=23 DEFAULT CHARSET=utf8mb4 COLLATE=utf8mb4_unicode_ci;

--
-- Dumping data for table `posts`
--

INSERT INTO `posts` (`id`, `user_id`, `title`, `detail`, `created_at`, `updated_at`) VALUES
(1, 3, 'update title post 1', 'Non sint mollitia et. Totam magnam quisquam doloremque. Qui architecto tenetur ullam recusandae enim commodi veritatis dolor. Voluptas id officia eum laborum nihil et id.', '2018-03-30 19:05:56', '2018-03-31 14:07:53'),
(2, 3, 'Quia nisi voluptatem nihil.', 'Rerum laborum distinctio quam voluptates quia porro corrupti. Eum est laboriosam deleniti ullam. Ratione nam enim ut voluptatem eligendi aut est amet. Odio eum et eius ipsam consequatur.', '2018-03-30 19:05:56', '2018-03-30 19:05:56'),
(3, 5, 'Qui magnam voluptatem numquam pariatur sed.', 'Quia quo facere et nesciunt quo. Commodi laboriosam a laboriosam veritatis quaerat. Non aut et tenetur voluptas voluptas similique.', '2018-03-30 19:05:56', '2018-03-30 19:05:56'),
(4, 1, 'Sunt quo cupiditate.', 'Assumenda quisquam non et. Ex maxime nobis aperiam omnis. Est voluptatem nulla dolores quasi ab et id fugit.', '2018-03-30 19:05:56', '2018-03-30 19:05:56'),
(5, 5, 'Illo ratione pariatur sapiente nobis.', 'Deleniti amet commodi mollitia rem. Natus voluptas error qui repellat. Molestias et omnis minima iste.', '2018-03-30 19:05:56', '2018-03-30 19:05:56'),
(6, 2, 'Amet cumque sit qui.', 'Suscipit ad commodi non dolor optio corrupti. Totam sunt voluptatibus sit et culpa. Velit omnis quo nostrum error sequi. Facere quia vero reiciendis cumque.', '2018-03-30 19:05:56', '2018-03-30 19:05:56'),
(7, 4, 'Ipsam dolores non illum pariatur ipsa.', 'A quasi provident laudantium aperiam officiis adipisci. At iure quaerat totam totam eius. Eveniet exercitationem reiciendis ipsa. Aperiam voluptas facere voluptatem sunt quidem facilis.', '2018-03-30 19:05:56', '2018-03-30 19:05:56'),
(8, 1, 'Laboriosam aut quidem et illum.', 'Id eos aperiam aliquam enim beatae voluptatem iste. Quidem aut culpa vel iusto autem consequatur nulla.', '2018-03-30 19:05:56', '2018-03-30 19:05:56'),
(9, 2, 'Et saepe est.', 'Quia qui debitis dolorem dolorem sunt. Quo et voluptate accusantium molestiae animi velit quia. Beatae necessitatibus at corporis praesentium quam excepturi.', '2018-03-30 19:05:56', '2018-03-30 19:05:56'),
(10, 2, 'Cupiditate et consequatur quae exercitationem laboriosam.', 'Ratione velit libero et molestiae. Sint quo minima cumque fugit quidem. Veniam unde occaecati eius voluptatem eos consectetur.', '2018-03-30 19:05:56', '2018-03-30 19:05:56'),
(11, 2, 'Tempore quasi ea sit cumque et.', 'Et temporibus voluptates omnis quasi. Ut reprehenderit enim incidunt voluptate. Adipisci itaque sed suscipit repellendus rerum. Quae rem asperiores consequuntur. Voluptatibus illo explicabo nihil.', '2018-03-30 19:05:56', '2018-03-30 19:05:56'),
(12, 1, 'Velit labore id.', 'Quam reiciendis et et tempore culpa veniam. Blanditiis quas debitis nobis. Magnam ut molestiae est molestiae cupiditate. Natus est libero magni deleniti sunt asperiores aut.', '2018-03-30 19:05:56', '2018-03-30 19:05:56'),
(13, 5, 'Esse facilis maxime ut.', 'Iusto consequatur repellat amet. Consequatur eius asperiores commodi consequuntur rerum.', '2018-03-30 19:05:56', '2018-03-30 19:05:56'),
(14, 3, 'Mollitia autem ut cum non.', 'Aut quo cupiditate aspernatur ut laborum. Est et mollitia sunt. Rem unde consequuntur non unde eveniet nostrum ea.', '2018-03-30 19:05:56', '2018-03-30 19:05:56'),
(15, 5, 'Asperiores at voluptates quos sequi.', 'Aperiam sunt perferendis qui laborum. Doloribus sed iusto non assumenda repellat et ipsam. Voluptas maxime vero sapiente et est officiis autem. Modi et voluptatem officiis sit temporibus.', '2018-03-30 19:05:56', '2018-03-30 19:05:56'),
(16, 1, 'Nihil nihil ut qui.', 'Fuga repudiandae quasi voluptates ad ut quasi. Non totam mollitia voluptate animi. Reprehenderit veniam voluptate qui voluptatem porro. Non labore et optio maiores corrupti. Illum vel dolores rerum voluptatem accusamus tenetur et.', '2018-03-30 19:05:56', '2018-03-30 19:05:56'),
(17, 2, 'Facere et totam numquam minima dolorem.', 'Illum nobis culpa laboriosam pariatur. Molestiae rerum aut quasi. Sed fuga nostrum sint est exercitationem magni sint. Est explicabo excepturi sed sunt maxime aut.', '2018-03-30 19:05:56', '2018-03-30 19:05:56'),
(18, 4, 'Et unde consectetur reiciendis consequuntur.', 'Fuga rerum ea ut dolores maxime ex fugiat. Vero aperiam quia ut numquam. Similique esse dolor odio ex nihil libero ut repudiandae.', '2018-03-30 19:05:56', '2018-03-30 19:05:56'),
(19, 2, 'Omnis aut sed assumenda iusto.', 'Quidem qui quis nihil quibusdam blanditiis iusto et sed. Voluptatum ipsa et nobis velit enim. Sit vero est voluptatem molestiae eveniet ut. Qui illo voluptates aspernatur molestias.', '2018-03-30 19:05:56', '2018-03-30 19:05:56'),
(20, 3, 'Ducimus temporibus eos reprehenderit sint.', 'Ab saepe officiis voluptatibus ipsam omnis. Molestiae omnis enim doloribus laudantium optio id in voluptatem. Corrupti sunt enim magni facere. Et sunt laborum placeat vel qui ut.', '2018-03-30 19:05:56', '2018-03-30 19:05:56'),
(21, 1, 'first post', 'this is my first post in this web site', '2018-03-31 12:58:12', '2018-03-31 12:58:12');

-- --------------------------------------------------------

--
-- Table structure for table `users`
--

DROP TABLE IF EXISTS `users`;
CREATE TABLE IF NOT EXISTS `users` (
  `id` int(10) UNSIGNED NOT NULL AUTO_INCREMENT,
  `name` varchar(191) COLLATE utf8mb4_unicode_ci NOT NULL,
  `email` varchar(191) COLLATE utf8mb4_unicode_ci NOT NULL,
  `password` varchar(191) COLLATE utf8mb4_unicode_ci NOT NULL,
  `remember_token` varchar(100) COLLATE utf8mb4_unicode_ci DEFAULT NULL,
  `created_at` timestamp NULL DEFAULT NULL,
  `updated_at` timestamp NULL DEFAULT NULL,
  PRIMARY KEY (`id`),
  UNIQUE KEY `users_email_unique` (`email`)
) ENGINE=MyISAM AUTO_INCREMENT=6 DEFAULT CHARSET=utf8mb4 COLLATE=utf8mb4_unicode_ci;

--
-- Dumping data for table `users`
--

INSERT INTO `users` (`id`, `name`, `email`, `password`, `remember_token`, `created_at`, `updated_at`) VALUES
(1, 'abdelghni', 'contact.hamnar@gmail.com', '$2y$10$TKh8H1.PfQx37YgCzwiKb.KjNyWgaHb9cbcoQgdIVFlYg7B77UdFm', 'z7v6AQbmjAQpnMgyCLuKOVJEZNx8kW7GNnCKsZUBamyZ8S3g9Uepi3dzdaa4', '2018-03-30 19:05:56', '2018-03-30 19:05:56'),
(2, 'Pedro Barrows', 'rosalyn35@example.org', '$2y$10$TKh8H1.PfQx37YgCzwiKb.KjNyWgaHb9cbcoQgdIVFlYg7B77UdFm', 'Wjb987Lv8q', '2018-03-30 19:05:56', '2018-03-30 19:05:56'),
(3, 'Miss Ciara Stark I', 'ipaucek@example.org', '$2y$10$TKh8H1.PfQx37YgCzwiKb.KjNyWgaHb9cbcoQgdIVFlYg7B77UdFm', '27yBP8SOnZ', '2018-03-30 19:05:56', '2018-03-30 19:05:56'),
(4, 'Pedro Kuhic DDS', 'lacy.effertz@example.net', '$2y$10$TKh8H1.PfQx37YgCzwiKb.KjNyWgaHb9cbcoQgdIVFlYg7B77UdFm', 'vvDvI2FRwt', '2018-03-30 19:05:56', '2018-03-30 19:05:56'),
(5, 'Alena Swaniawski', 'prohaska.kristy@example.org', '$2y$10$TKh8H1.PfQx37YgCzwiKb.KjNyWgaHb9cbcoQgdIVFlYg7B77UdFm', 'r2aQhEniRt', '2018-03-30 19:05:56', '2018-03-30 19:05:56');
COMMIT;

/*!40101 SET CHARACTER_SET_CLIENT=@OLD_CHARACTER_SET_CLIENT */;
/*!40101 SET CHARACTER_SET_RESULTS=@OLD_CHARACTER_SET_RESULTS */;
/*!40101 SET COLLATION_CONNECTION=@OLD_COLLATION_CONNECTION */;
